INSERT INTO user_profile VALUES ('Aditya','Prakash','201351010','lalalala','201351010@iiitvadodara.ac.in','blah_blah',FALSE,'9810435438','2038-01-19 03:14:07');
INSERT INTO user_profile VALUES ('Pratik','Shaaaaaaaaah','20135','lulululu','20135@pratikshah.ac.in','bluh_bluh',TRUE,'8128229077','2000-11-11 03:14:19');
INSERT INTO user_profile VALUES ('Choubey','Ji','201351006','lelelele','201351006@iiitvadodara.ac.in','blee_blee',FALSE,'8140234164','2118-11-15 05:16:11');



INSERT INTO question_forum VALUES (1,'2038-01-09 03:14:07','201351010','haye re dass liya','kushal ne bht bura dass liya');
INSERT INTO question_forum VALUES (2,'2018-01-19 03:34:07','20135','badla pampu ka','pampus revenge');
INSERT INTO question_forum VALUES (3,'2028-01-29 03:14:07','20135','krupo','langda ho gaya');
INSERT INTO question_forum VALUES (4,'2008-01-19 03:24:07','201351006','choubey','mess committee');


INSERT INTO qtags VALUES (1,'joke');
INSERT INTO qtags VALUES (1,'pj');
INSERT INTO qtags VALUES (1,'kj');
INSERT INTO qtags VALUES (2,'pampu');
INSERT INTO qtags VALUES (2,'revenge');
INSERT INTO qtags VALUES (3,'joke');


INSERT INTO pbase VALUES (100,'2001-10-11 04:14:19','201351010');
INSERT INTO pbase VALUES (101,'2002-09-11 05:14:19','201351010');
INSERT INTO pbase VALUES (102,'2003-08-11 06:14:19','20135');


INSERT INTO notify VALUES ('201351010','joke',100);
INSERT INTO notify VALUES ('20135','pj',101);
INSERT INTO notify VALUES ('201351006','pampu',101);


INSERT INTO forum_replies VALUES (1,'1995-08-11 06:14:19','201351010','gadha');
INSERT INTO forum_replies VALUES (1,'1996-08-11 06:14:19','201351010','kutta');
INSERT INTO forum_replies VALUES (2,'1997-08-11 06:14:19','201351006','ullu ka pattha');


INSERT INTO faculty_tags VALUES ('20135',1);
INSERT INTO faculty_tags VALUES ('20135',3);


INSERT INTO comments VALUES (100,'2014-08-11 06:14:19','201351010','ye hai comment');
INSERT INTO comments VALUES (101,'2015-08-11 06:14:19','201351006','don ko pakadna mushkil hi nahi');
INSERT INTO comments VALUES (102,'2016-08-11 06:14:19','20135','bade bade deshon mei chote chote kushal hote rehte h');
INSERT INTO comments VALUES (101,'2017-08-11 06:14:19','20135','khalnayak');


INSERT INTO books VALUES ('1000','kushal and co','ye book zehreeli hai','2017-08-11 06:14:19','dassne ke 1000 nuskhe','201351010');
INSERT INTO books VALUES ('1001','sonu publishers','ye descriptive book hai','2017-08-11 06:14:19','aao lecture chalein','20135');
INSERT INTO books VALUES ('1002','krupo printworks','ye book mei **** hai','2017-08-11 06:14:19','jaati pooklo jaampandu','20135');


INSERT INTO bid VALUES (100,'1999-08-09 06:14:19','201351010');
INSERT INTO bid VALUES (100,'1998-08-10 06:14:19','20135');
INSERT INTO bid VALUES (101,'1997-08-12 06:14:19','201351010');


INSERT INTO author VALUES ('1000','pampu');
INSERT INTO author VALUES ('1001','sonu');
INSERT INTO author VALUES ('1002','jigri');

INSERT INTO book_shelf VALUES ('201351010','1000');
INSERT INTO book_shelf VALUES ('201351010','1001');
INSERT INTO book_shelf VALUES ('20135','1000');

INSERT INTO single_sell VALUES (100,'1000',21,100000,'bkwas');
INSERT INTO single_sell VALUES (101,'1001',22,2000,'bekar');
INSERT INTO single_sell VALUES (102,'1002',23,100,'badiya');


INSERT INTO review VALUES ('201351010','bakwas book','1000');
INSERT INTO review VALUES ('20135','badiya book','1000');
INSERT INTO review VALUES ('201351010','bookish book','1001');
INSERT INTO review VALUES ('20135','bas book','1002');
INSERT INTO review VALUES ('201351006','beedhi book','1002');


INSERT INTO rating VALUES ('201351010',10,'1000');
INSERT INTO rating VALUES ('20135',9,'1000');
INSERT INTO rating VALUES ('201351010',8,'1001');
INSERT INTO rating VALUES ('20135',7,'1002');
INSERT INTO rating VALUES ('201351006',7,'1002');

